id,filepath,landmark_id
e0996ab7f3bb8456,data/158169/Niagara_Falls_american_falls_by_night.jpg,158169
7b38a3fa5b58466c,data/90396/Stonehenge_Salisbury.JPG,90396
02fe92a9489014fe,data/90396/Stonehenge%2C_Avebury_and_Associated_Sites-110981.jpg,90396
8716c68b1e94e21c,data/109814/Mutianyu_Great_Wall_%2816065059646%29.jpg,109814
46517ae758f357a8,data/158169/Niagara_Falls003.jpg,158169
d30eb81ec003eda9,data/179626/Niagara_falls_maid_in_horseshoe_04.07.2012_16-43-13.jpg,179626
eb5f223e3b8e7930,data/55962/Niagara_falls_journey_04.07.2012.jpg,55962
546bc174335486e4,data/158169/Niagara_Falls_-_American_Falls_At_Night.JPG,158169
a0bc318b1a5fd84c,data/109814/Beijing_%28November_2016%29_-_601.jpg,109814
66129413ff53e076,data/109814/View_from_Mutianyu_looking_north_2.JPG,109814
51342ac749a92381,data/179626/Niagara_Falls_2013_canadian_falls_with_boat.JPG,179626
0ecb464d5009fa33,data/90396/Stonehenge_stone_27.jpg,90396
31edb344aa49ad11,data/129770/Niagara_Falls_2008_PD_58.JPG,129770
b5efa7df897434f2,data/129770/Rainbow_Bridge%282%29.jpg,129770
a5250c0389aac60a,data/179626/Around_Niagara_Falls%2C_Ontario_-_panoramio_%282%29.jpg,179626
bfa3a8b394e82d57,data/108502/Space_Needle_%E2%80%9CAt_a_Glance%E2%80%9D.jpg,108502
2cfc534bbb80c20c,data/158169/Niagara_Falls_2008_PD_48.JPG,158169
1e2627da74ffeb35,data/90396/Stone_Henge_%2849957208%29.jpeg,90396
e97fc6ca97aad77a,data/90396/Stonehenge_-_panoramio_%284%29.jpg,90396
ae673bda92766237,data/108502/Science_Fiction_X-Po_postcards%2C_1978_%2840212735553%29.jpg,108502
b6ffe9b11d30c863,data/158169/Niagara_Falls%2C_New_York_%28en_2017%29_%284%29.JPG,158169
4ef74ec726550c17,data/158169/Niagara_Falls_%28American_Side%29.jpg,158169
7fea6ffcc06f479c,data/179626/Horseshoe_Falls_aus_der_N%C3%A4he.JPG,179626
0617f09eded2ffd9,data/90396/Stonehenge_%28I%29_%285596568516%29.jpg,90396
f0ed8185dcf7a5d4,data/109814/Mutianyu_Great_Wall_Tower_13_View.jpg,109814
302e73d382253f6e,data/108502/Space_Needle_from_Elliott_Bay_2.jpg,108502
f64742460598a142,data/158169/Niagara_Falls_-_panoramio_%2811%29.jpg,158169
279d4a45fb6c8aab,data/90396/2017-05_Stonehenge_05.jpg,90396
cb6896f4b88bec10,data/158169/Blue_Skies_and_Sage_-_panoramio.jpg,158169
4169404dc415eb89,data/90396/Stonenge_-_panoramio_%281%29.jpg,90396
763f105c845edb1d,data/108502/Space_needle_0359.jpg,108502
4f585bba1ac503b0,data/90396/Stonehenge_-_panoramio_-_Tedd_Santana_%281%29.jpg,90396
01a7465354235975,data/109814/Mutianyu_crenellations.JPG,109814
074ffed6be2c0401,data/158169/Niagara_Falls_July_2010_07.JPG,158169
8bb098413d245815,data/55587/Great_Wall%2C_China.JPG,55587
1ef90485343fa294,data/77124/Phillipvn3.jpg,77124
774c33c3367af776,data/179626/Horseshoe_Falls_-_panoramio_%284%29.jpg,179626
6b5cd9191abe166d,data/158169/Lakeshore_-_panoramio.jpg,158169
55d1a13daad3202b,data/108502/Razvan_Orendovici_-_Seattle_Space_Needle_%284169603905%29.jpg,108502
ec42b6ceb8966238,data/90396/Monumento_mega%C3%ADtico_Stonehenge.jpg,90396
25a90081b4621c2d,data/158169/American_Falls_seen_from_Ontario_%287875212826%29.jpg,158169
a17416bfaba005fa,data/103407/20090529_Great_Wall_8368.jpg,103407
c2c08edd5cd92f70,data/103407/Looking_out_from_a_watch_tower_at_Simaitai_Great_Wall_in_Beijing_-_panoramio.jpg,103407
7581bb85badd0dc0,data/77124/%E9%87%91%E5%B1%B1%E5%B2%AD%E9%95%BF%E5%9F%8E%E6%96%87%E4%BF%9D%E7%89%8C.jpg,77124
a668c35763ddd6b5,data/179626/Canadian_Falls%2C_Niagara_Falls_%28460304%29_%289446484451%29.jpg,179626
f044ddb925e05332,data/158169/Winter_Scenes_%285683785058%29.jpg,158169
b354126ea06bb92d,data/90396/Stonehenge_in_England.jpg,90396
270658fede755330,data/179626/Niagara_Falls_%2814298076022%29.jpg,179626
6e4bd0e827ade5ab,data/90396/Sunset_at_Stonehenge_%285231460648%29.jpg,90396
3bbf3e6103611025,data/179626/Cataratas_del_Ni%C3%A1gara_08.jpg,179626
8b6f40780ff0ae04,data/90396/Stonehenge_traverse_portique.jpg,90396
f6549255d3ada477,data/158169/Niagara_Falls_-_Ontario%2C_Canada_-_August_11%2C_2015_04.jpg,158169
753fb00d1d58714f,data/158169/Niagara_Falls044.jpg,158169
08de26f80a1cf6f8,data/179626/Niagara_Falls_%2833739389395%29.jpg,179626
2b321a53e5b4f253,data/103407/Great_Wall_At_Simatai%2C_Beijing_%28149190191%29.jpg,103407
b07394dcb974bca6,data/158169/DSC09536_-_American_Falls_%2837223902335%29.jpg,158169
5ad7e79093059121,data/158169/Niagara_Falls_Rubble.jpg,158169
dbd8027738894841,data/90396/Oddly_shaped_Stonehenge_trilithon.jpg,90396
8451b4dde199eb6a,data/179626/Niagara_Falls_%2814297947612%29.jpg,179626
f0ea4964c8886947,data/179626/Niagara_Falls_3_%2832961089514%29.jpg,179626
607343c1f67abedc,data/90396/Stonehenge_1_%28729398106%29.jpg,90396
0ea6ef0c4a6e0517,data/90396/Heel_Stone_and_Stonehenge.jpg,90396
701ef2f26cbf84f7,data/179626/HorseshoeFallsN.jpg,179626
b300540d7f4a6707,data/90396/Stonehenge_III_-_panoramio.jpg,90396
597c7a42138175e2,data/108502/Space_Needle_against_the_clouds.jpg,108502
ee3a289b631f78b3,data/179626/Niagara_Falls046.jpg,179626
c087286e1d2c5fdd,data/179626/Canadian_Horseshoe_Falls_%28en_2017%29_%2812%29.JPG,179626
35a2d82d6e85376c,data/90396/Late_Afternoon_to_Longreach_-_panoramio.jpg,90396
0cd9306d8a06fe0e,data/90396/Stonehenge%2C_Condado_de_Wiltshire%2C_Inglaterra%2C_2014-08-12%2C_DD_16.JPG,90396
b330608bf72db16c,data/179626/Horseshoe_Falls_from_25th_floor_of_Hilton_at_Niagara_Falls.jpg,179626
f21507b9c6d01840,data/90396/Stonehenge%2C_Condado_de_Wiltshire%2C_Inglaterra%2C_2014-08-12%2C_DD_09.JPG,90396
413a86daf7a8c282,data/77124/Jinshangling2.jpg,77124
388d6b408f4d0e85,data/108502/Space_Needle_Seattle_-_2.jpg,108502
b0fea613e57831ca,data/90396/Stonehenge_-_Flickr_-_Adriano_Aurelio_Araujo_%281%29.jpg,90396
fa06da532ad720b9,data/109814/Beijing_%28November_2016%29_-_629.jpg,109814
aef2b01f9b0cd981,data/158169/Niagara_Falls_%2814113357777%29.jpg,158169
d749638280cfdd15,data/90396/Stonehenge_2010_PD_06.JPG,90396
1e713135efbcb213,data/90396/Stonehenge_-_on_the_Salisbury_Plain_-_panoramio.jpg,90396
9a6a198ff85bf25d,data/158169/Niagara_Falls_by_night_July_2010_01.JPG,158169
8841a7c4c3f30a07,data/90396/Stonehenge%2C_England_%282787882130%29.jpg,90396
2ae6d1398dd59d10,data/158169/Winter_Scenes_%285683779168%29.jpg,158169
50c7790fae636126,data/90396/Stonehenge_5_%285690754154%29.jpg,90396
555aeaf191e15e5e,data/179626/Horseshoe_Falls_in_Winter.JPG,179626
8646573e01474560,data/129770/NY_384_approaching_the_Rainbow_Bridge.jpg,129770
6300dbe06dd43cc6,data/179626/Cataratas_del_Ni%C3%A1gara_34.jpg,179626
c2db89f867c24356,data/90396/Stonehenge_%2711.jpg,90396
837ad7cccaa4446c,data/90396/Stonehenge_Heel_Stone_-_panoramio_%282%29.jpg,90396
060ff311447b3856,data/109814/Beijing_%28November_2016%29_-_572.jpg,109814
99b25238b670add3,data/90396/Cartel.000_-_Stonehenge.jpg,90396
5f69c78729597b58,data/179626/As_dusk_approaches%2C_the_spray_and_mist_takes_on_a_magical_hue_%2827617546560%29.jpg,179626
0074cccae7dc4e2f,data/90396/Stone_circle.004_-_Stonehenge.jpg,90396
7bdd66171b221b64,data/129770/Niagara_Falls%2C_ON%2C_Canada_-_panoramio_-_dora_isabel_%283%29.jpg,129770
95cbc74934cc6afc,data/158169/Farm_Reservoir_-_panoramio.jpg,158169
d1be84fcfc1ac0c0,data/158169/Niagara_Falls_-_panoramio_%2810%29.jpg,158169
e81c8f0fa520cf60,data/158169/From_the_Maid_of_the_Mist_%287219529620%29.jpg,158169
86452e5dbf082aa9,data/158169/American_Falls_from_Canadian_side_in_winter.jpg,158169
5ea05eeddb85aef4,data/77124/Jinshanlin.jpg,77124
0c931c112da7628f,data/55962/Behind_the_falls_journey.jpg,55962
2b81419d267dc144,data/179626/Horseshoe_%28Canadian%29_Falls_%284302450657%29.jpg,179626
1d590a6e38e06554,data/179626/15-23-0864%2C_horseshoe_falls_from_boat_-_panoramio.jpg,179626
17198f8d96987f55,data/179626/Over_the_falls_-_panoramio.jpg,179626
7873b4af2b769f82,data/90396/Stonehenge_2012_4.JPG,90396
8827183774999a7b,data/108502/Space_Needle%2C_Seattle%2C_Washington%2C_April_2012.JPG,108502
3801feb260389a5a,data/109814/Beijing_%28November_2016%29_-_566.jpg,109814
e3c92ee295609ca5,data/109814/View_from_Mutianyu_looking_north_1.JPG,109814
ce658641cb50ae2a,data/158169/Cave_of_the_Winds_Stairway.jpg,158169
0d2f62ad0d053df6,data/90396/Stonehenge%2C_Condado_de_Wiltshire%2C_Inglaterra%2C_2014-08-12%2C_DD_13.JPG,90396
46f89f11c70eab88,data/179626/Al_borde_de_las_cataratas_del_Niagara_-_panoramio_%281%29.jpg,179626
ccdea99c809571ff,data/90396/Looking_into_Stonehenge_horseshoe.jpg,90396
f07108fe48d6938f,data/109814/Great_Wall_at_Mutianyu_%2823020916445%29.jpg,109814
2100bb082db3a983,data/179626/Horseshoe_Falls_Skylon.JPG,179626
9d002a662b260cdc,data/158169/Looking_West_-_panoramio_%281%29.jpg,158169
3ce8ad91fdee1474,data/109814/Beijing_%28November_2016%29_-_585.jpg,109814
23da42a330872779,data/158169/CascateniagaraMAM2.JPG,158169
3db01f26853a7a83,data/108502/Space_Needle_elevator%2C_1962_%2831311883830%29.jpg,108502
dfed1ad37d5981a4,data/158169/Niagara_Falls002.jpg,158169
ee9c9c9a71def8b6,data/158169/DSC09411_-_American_Falls_%2836408700483%29.jpg,158169
4915328dc88edf01,data/108502/Space_Needle%2C_Seattle%2C_Washington_%2822693334673%29.jpg,108502
682320eb1ca569d5,data/103407/Beijing_43_%28Alt.%29.JPG,103407
cf9a2f78bdc97162,data/129770/Rainbow_Bridge%2C_Niagara_Falls_%28460339%29_%2825056445185%29.jpg,129770
22d714b204a484dc,data/158169/Niagara_Falls048.jpg,158169
bc58475e4bc5c1e3,data/77124/GreatWall7.jpg,77124
85cc8c4e7a79dd62,data/158169/Winter_Scenes_%285683777778%29.jpg,158169
2a8ec874a975045a,data/90396/StonehengeStonehengeanprehistoricmonumentinWiltshireEngland.jpg,90396
ae4cf7b4d38f7c22,data/103407/Great_Wall_At_Simatai%2C_Beijing_%28149190189%29.jpg,103407
99f0321acaaa5775,data/108502/Space_Needle_2011-07-04.jpg,108502
df039085c279c458,data/77124/Great_Wall_of_China%2C_Framed_view.jpg,77124
fbe7a930489556ab,data/90396/Stonehenge_at_winter_solstice_sunrise%2C_December_2018.jpg,90396
5b7d8fd37dac6c91,data/104638/The_Beijing_Great_Wall_Adventure_-_panoramio.jpg,104638
e1240fa9c7e85930,data/158169/Sisymbrium_altissimum_%285006629120%29.jpg,158169
f3c36ac2c98d7031,data/179626/Niagara_Falls_2008_PD_25.JPG,179626
6b132cb10b976a6a,data/109814/Beijing_%28November_2016%29_-_643.jpg,109814
9d6ce9cc7756fc91,data/90396/Stonehenge_-_a_view_-_panoramio.jpg,90396
05f0ec9c32821d9a,data/90396/Stone_Henge_-_panoramio.jpg,90396
f21789312c5fc829,data/109814/Beijing_%28November_2016%29_-_584.jpg,109814
af7c52b6dfe609f1,data/90396/Stonehenge%2C_closed_road_%28geograph_3685918%29.jpg,90396
e39cfea71e878307,data/77124/Phillipvn2.jpg,77124
33f3b6dc1dd5a4da,data/90396/Stonehenge2012.JPG,90396
83db10fb982edeca,data/104638/Another_brick_in_the_wall_-_panoramio.jpg,104638
e58de51926bbfab9,data/90396/Obelisk_at_Stonehenge_-_panoramio.jpg,90396
b66007dabc39dec6,data/158169/American_Falls_-_panoramio_%288%29.jpg,158169
c762ee681002ccec,data/179626/HorseshoeFallsI.jpg,179626
d3cd3db0d1e3872f,data/103407/Great_Wall_At_Simatai%2C_Beijing_%28149190416%29.jpg,103407
04d1c5dc22b5845b,data/158169/American_Falls_from_American_Side_-_La_Catarata_Estadounidense_del_lado_americano_-_panoramio.jpg,158169
5537edb7bc6e8046,data/109814/Beijing_%28November_2016%29_-_595.jpg,109814
0784402ace33031a,data/179626/Niagara_Falls056.jpg,179626
59bbea86c4530558,data/158169/Off_Season_-_panoramio_%281%29.jpg,158169
549b46b378091b17,data/158169/Dunes_-_panoramio_%281%29.jpg,158169
5f3b8ed8f3b7abcb,data/90396/Stonehenge_04_02-08-2011.JPG,90396
b1fa31d17bc64977,data/90396/Stonehenge_England.JPG,90396
f11c6c5e8ebc2e48,data/109814/Great_Wall_of_China_at_Mutianyu2018-06-18_170656.jpg,109814
7cdf77636d6c33b6,data/179626/Cataratas_del_Ni%C3%A1gara_09.jpg,179626
057a193d0bbf4dbf,data/158169/AMERCO_-_panoramio_%281%29.jpg,158169
535ef7b66efa5dc3,data/90396/Stonehenge_-_August_2012.jpg,90396
5731b1d04d479a21,data/90396/Ken_Fulton_Almazan%27s_Stonehenge_Photo_3.jpg,90396
b15c36a22a37da05,data/108502/Space_Needle_Seattle_-_panoramio.jpg,108502
e039aed9dc2f4c19,data/109814/Mutianyu_terminal_tower.JPG,109814
8c54b39692c2db7a,data/90396/Stonehenge_before_the_rain.jpg,90396
41b8bfb5a88325aa,data/109814/%D0%92%D0%B5%D0%BB%D0%B8%D0%BA%D0%B8_%D0%BA%D0%B8%D0%BD%D0%B5%D1%81%D0%BA%D0%B8_%D0%B7%D0%B8%D0%B4_1.JPG,109814
d9f3118b3de8dac9,data/77124/%E8%BF%9C%E7%9C%BA%E9%87%91%E5%B1%B1%E5%B2%AD%E9%95%BF%E5%9F%8E_-_panoramio.jpg,77124
10668e652f803750,data/90396/Stonehenge2012_2.JPG,90396
85a15ea74ca93b15,data/158169/Chute_%C2%ABFer_%C3%A0_cheval%C2%BB_Niagara_Falls.jpg,158169
7432f700b5779c05,data/108502/Monochrome_space_needle.jpg,108502
d41e6cb1edcb21eb,data/179626/4P5C8048_%2814068744418%29.jpg,179626
a62af1a048b9129d,data/103407/Simatai1.jpg,103407
b83919e01e6215c2,data/109814/Beijing_%28November_2016%29_-_597.jpg,109814
1bbafeda99b166f6,data/109814/Mutianyu_pathway_02.JPG,109814
03f7c2b8407f9c1f,data/158169/Niagara_watervallen_us.jpg,158169
b3568ec0ff33979c,data/109814/Peking2006-02_145.jpg,109814
cf43339685d5d789,data/109814/%E6%85%95%E7%94%B0%E5%B3%AA%E9%95%BF%E5%9F%8E%E8%88%AA%E6%8B%8D_2018-09-16_150734.jpg,109814
cbdcd22b38b5b306,data/109814/Beijing_%28November_2016%29_-_580.jpg,109814
731157fcde018148,data/55962/Behind_the_Falls%2C_Niagara_Falls_-_panoramio_%281%29.jpg,55962
5a25eabcf1e6a618,data/158169/Niagara_Falls042.jpg,158169
bd0661b93b344c4b,data/77124/GreatWall5.jpg,77124
cf80db7d7f4e4ae3,data/109814/Beijing_%28November_2016%29_-_657.jpg,109814
3d089977dcfa0f5f,data/108502/Seattle_Space_Needle2.jpg,108502
c8a68de3a67c058b,data/109814/Beijing_%28November_2016%29_-_588.jpg,109814
ee8ee81e9f9bf377,data/90396/Stonehenge_-_panoramio_-_jeffwarder_%283%29.jpg,90396
49f8b0b8c9fc2a14,data/179626/Horseshoe_Falls_from_Fallsview_hotel.jpg,179626
34a6265954f67795,data/179626/Cataratas_del_Ni%C3%A1gara_33.jpg,179626
e1f197cdab03afd1,data/108502/Space_Needle_4_2016-08-15.jpg,108502
d415881a92f4724c,data/77124/Mauer_Jinshanling-Simatai3.jpg,77124
4b84da8a610b2835,data/109814/Beijing_%28November_2016%29_-_626.jpg,109814
69fbeb3c185b0e51,data/158169/Niagara_Falls_%28American_Falls%29.jpg,158169
b58fec59b26f0276,data/55962/Journey_Behind_the_FallsC.jpg,55962
764932b8cd1d9e13,data/179626/15-23-0837%2C_horseshoe_falls_-_panoramio.jpg,179626
b8fa66a700fac330,data/158169/Niagara-Falls_ON_American-Falls_2015-08-13_%282%29.jpg,158169
18edd19b3d7ab5e3,data/158169/Cascate_del_niagara%2C_lato_statunitense_01.jpg,158169
06ad55ca579133a2,data/179626/Horse_shoe_falls_at_Niagara_-_panoramio.jpg,179626
50274aa3d0629743,data/109814/Mutian_Yu_29_%284736403679%29.jpg,109814
6e4aabdd1b6c6dfb,data/108502/Space_Needle_B%26W_by_Mike-Hope.jpg,108502
429bb82d115aea8a,data/77124/%E5%B9%B4%E4%B9%85%E5%A4%B1%E4%BF%AE%E7%9A%84%E9%87%91%E5%B1%B1%E5%B2%AD%E9%95%BF%E5%9F%8E.jpg,77124
b78e1c9bb25f2dcb,data/109814/Beijing_%28November_2016%29_-_609.jpg,109814
9c6659faddbc7d22,data/158169/Niagara_Falls035.jpg,158169
e7139e5f1e860ac4,data/77124/20090529_Great_Wall_8152.jpg,77124
070a0cdd889df222,data/158169/AmericanFallsNiagara.JPG,158169
ef4435dbe834c8f0,data/179626/DSC09456_-_Bye_Canadian_Falls_%2836825677110%29.jpg,179626
a794c36e0ed4e8ef,data/103407/Great_Wall----Simatai.jpg,103407
bcc0118e96b9aaf5,data/179626/Niagara_falls_hotels_04.07.2012_15-49-16.jpg,179626
d1fb61c9b2e80fd4,data/108502/Sky_High_Seattle_-2_%2815788931511%29.jpg,108502
d691482e1a9ad192,data/90396/Stonehenge_Total.jpg,90396
392d3c1daa3e9034,data/158169/AmericanFallsC.jpg,158169
1d162edee9715480,data/90396/GB-stonehenge-05.jpg,90396
b3b8b752aee25d75,data/158169/Niagara_Falls%2C_New_York_%28en_2017%29_%285%29.JPG,158169
556132f84bfe56b2,data/109814/Beijing_%28November_2016%29_-_631.jpg,109814
f37c12d41d8ae1d7,data/179626/Niagara_watervallen_canada.jpg,179626
8704882e0c538988,data/70297/Great_Wall_of_China_at_Jiumenkou_14.jpg,70297
c061c9d1f6bb9112,data/109814/Beijing_%28November_2016%29_-_573.jpg,109814
004603baa6aa7415,data/109814/Beijing_%28November_2016%29_-_561.jpg,109814
713f9745a2f1d011,data/179626/Canadian_Falls%2C_Niagara_Falls_%28460535%29_%289449574702%29.jpg,179626
1ac297e604a31fa6,data/90396/Stonehenge_%28139914149%29.jpeg,90396
589b29bba0555f33,data/158169/Cataratas_del_Ni%C3%A1gara_19.jpg,158169
5b51457aad560c31,data/158169/Tourists_around_the_American_Falls_%288032293152%29.jpg,158169
261059ef32c0e0fb,data/108502/VISTA_DE_LA_SPACE_NEEDLE_-_panoramio.jpg,108502
a9f31a59a748c6c6,data/158169/NiagaraFallsPurplePink9223_%2826511643093%29.jpg,158169
efc9f8a844601aef,data/179626/Niagara_Falls_-_Canadian_side_%282170163395%29.jpg,179626
4dbc1f5237c1a344,data/90396/Heel_Stone_leaning.jpg,90396
14b02fe7952aec7b,data/90396/Stonehenge_10_%285690218485%29.jpg,90396
ed080e7b07c6fcca,data/179626/Horseshoe_Falls_from_Skylon_Tower.jpg,179626
92b31adb84ff19b9,data/90396/Stonehenge_10_%28729530028%29.jpg,90396
d91b93859243ce4c,data/158169/Noc_Niagara_szeroka_Panorama.jpg,158169
dd1541f237dc76da,data/158169/Cataratas_del_Ni%C3%A1gara_40.jpg,158169
e6d34d40ecc40b14,data/158169/American_and_Bridal_Veil_Falls.jpeg,158169
c9ad2a6ba04915dd,data/90396/Stongehenge-6_%2815294987495%29.jpg,90396
75f220e20513e135,data/158169/Cascate_del_niagara%2C_lato_statunitense_03.jpg,158169
102453e875af8fae,data/179626/Niagara_Falls028.jpg,179626
efb5ae8e7639273e,data/90396/Stonehenge%2C_Avebury_and_Associated_Sites-110979.jpg,90396
b649fed592c079d0,data/109814/Mutian_Yu_15_%284736325447%29.jpg,109814
386b29c3c605e364,data/108502/Space_Needle_-_panoramio_%281%29.jpg,108502
7031a62205179adb,data/90396/Ken_Fulton_Almazan%27s_Stonehenge_Photo_1.jpg,90396
5650e7968cecc84c,data/158169/Niagara_Falls%2C_Ontario_-_1.jpg,158169
46d282346d2fdb53,data/77124/The_Great_Wall_pic_1.jpg,77124
38eaa99b8152f471,data/109814/Mur_chi%C5%84ski_2010_4.JPG,109814
079febdb28e1cb9e,data/108502/Space_Needle_Oct_3%2C_2017_seen_from_Kerry_Park.jpg,108502
b1b679ed0ef671df,data/179626/Niagara_Falls_%28Ontario%29_banner_Horseshoe_Falls.jpg,179626
9f0b2b77c48c2c9e,data/179626/Canadian_Horseshoe_Falls_%28en_2017%29_%287%29.JPG,179626
919c7fcfa93a7509,data/179626/Niagara_Falls_%2811916225425%29.jpg,179626
05a6fdb9d64f4cbc,data/179626/Niagara_Falls%2C_ON%2C_Canada_-_panoramio_%2886%29.jpg,179626
a771934486975211,data/103407/Great_wall_child.jpg,103407
b8864e92b44a3de8,data/109814/Mutianyu_cannon.JPG,109814
653d3dec3d2ddac1,data/90396/Stonehenge_Qmin.jpg,90396
d7a5d95347d70665,data/158169/Evaporation_Pans_-_panoramio.jpg,158169
01880fb7fad0d727,data/179626/Niagara-Falls_ON_Horseshoe-Falls_Hornblower_2015-08-13_%282%29.jpg,179626
b9a6c8b302ff11db,data/179626/Cataratas_del_Ni%C3%A1gara_05.jpg,179626
70c7605dd3ec8eb7,data/90396/Ancient_Stonehenge_-_panoramio.jpg,90396
6081f350e733a799,data/90396/Stonehenge_6_%28729398468%29.jpg,90396
f025890d5a791d02,data/104638/%C2%B7%CB%99%C2%B7ChinaUli2010%C2%B7.%C2%B7_Beijing_-_panoramio_%2810%29.jpg,104638
f498cb41a69a1030,data/108502/Msi_0571.jpg,108502
2a044e44a73b827a,data/103407/Great_Wall_At_Simatai%2C_Beijing_%28149189391%29.jpg,103407
bd6a1b6367df6111,data/103407/Great_Wall_%40_Simatai_near_Beijing_with_Ming_dynasty_building_brick_inprints_-_panoramio.jpg,103407
76c2ea261d47b0dc,data/90396/Stonehenge_-_Image_Picture_Photography_%2814884844251%29.jpg,90396
2364d616c754c80d,data/55962/Journey_Behind_the_FallsG.jpg,55962
897ee4c18f0f7a59,data/179626/Niagara_Falls_%2826983464961%29.jpg,179626
744a0fedc616d90c,data/90396/July_2018_Stonehenge.jpg,90396
fd64b25eed724757,data/90396/Stonehenge2.jpg,90396
c25786da7b9e937b,data/109814/Great_Wall_of_China_at_Mutianyu_2018-06-18_165148.jpg,109814
08907936e34608e3,data/90396/Stonehenge5.jpg,90396
8c4417d527701ef7,data/158169/Niagara_Falls054.jpg,158169
a4be0857a835ec5c,data/179626/Niagara_Falls_Panaromic_View.jpg,179626
2aa4f07792709a27,data/77124/JinShan_Ridge_Great_Wall_1.jpg,77124
787996e321b63e5e,data/158169/Niagara_falls_at_Night.jpg,158169
36ce05592ae35bfc,data/109814/Peking2006-02_144.jpg,109814
4cc476613cde8da1,data/179626/Niagara_Falls_-_Canadian_side_%282170183185%29.jpg,179626
84d5bbd4bae53938,data/158169/Niagara_Falls_%2814320063043%29.jpg,158169
b869839b50b1ce60,data/90396/Stonehenge_Heel_Stone_-_panoramio.jpg,90396
3d2b6dc120afd384,data/179626/Canadian_Falls_1_%288032293339%29.jpg,179626
ee6d857bfb645b45,data/109814/Beijing_%28November_2016%29_-_648.jpg,109814
752c45c4ae2d2a98,data/108502/Seattle_Space_Needle_-_panoramio_-_Bruce_Turner.jpg,108502
79110cfbcc404b62,data/77124/%E4%B8%9C%E4%BA%94%E7%9C%BC%E6%A5%BC%E4%BB%8B%E7%BB%8D%E7%89%8C.jpg,77124
0156b7658f32c67e,data/158169/American_Falls_at_Night_%284355273914%29.jpg,158169
4ece54372a30ddd4,data/179626/Niagara_Falls144.jpg,179626
f5bf0c115b4b2982,data/90396/Stonehenge_2_%2825042960046%29.jpg,90396
ab565a546a330288,data/158169/15-23-0966%2C_american_falls_and_rainbow_bridge_-_panoramio.jpg,158169
c78d5202b5416923,data/90396/Stonehenge_in_1983.jpg,90396
03edfb12c86ac198,data/90396/Stonehenge_July_2014_%284%29.jpg,90396
438b82d98e2d187e,data/158169/Cistern_-_panoramio_%281%29.jpg,158169
00d406984017194a,data/109814/Beijing_%28November_2016%29_-_590.jpg,109814
d47e5939aa0cf795,data/158169/American_Falls_from_boat._-_panoramio.jpg,158169
c5f0dc3fcd9cb04a,data/109814/Great_Wall_at_Mutianyu_%2823032029641%29.jpg,109814
a55664a07511eb5b,data/103407/Simatai_Great_Wall_%286176242426%29.jpg,103407
218a0bc9c0111255,data/70297/Great_Wall_of_China_at_Jiumenkou_24.jpg,70297
c6b372b6ca311bea,data/108502/Space_Needle_in_distance_along_Elliot_Bay_Trail_%287967357612%29.jpg,108502
882eaa4991819e10,data/109814/Beijing_%28November_2016%29_-_627.jpg,109814
8838e8877a41913d,data/179626/Horseshoe_Falls%2C_Niagara_Falls%2C_Ontario-New_York_%287992675632%29.jpg,179626
973c4c41ca1c0374,data/103407/Great_Wall_At_Simatai%2C_Beijing_%28149190414%29.jpg,103407
b09385bd4ba9aaae,data/158169/American_Niagara_Falls%2C_Niagara_Falls%2C_NY%2C_USA_-_panoramio.jpg,158169
2e84332ec226abed,data/109814/Beijing_%28November_2016%29_-_619.jpg,109814
e10dd131fef06ff5,data/179626/Aerial_view_of_the_Canadian_Falls_%28Horseshoe_Falls%29_and_the_Hornblower_Niagara_Cruises_boat%3B_Niagara_Falls.JPG,179626
3786ba28eb0139b2,data/158169/Niagara_Falls_-_US_side_%282170146281%29.jpg,158169
8d39910c9ea558f4,data/55962/Journey_Behind_the_Falls_%2836776727114%29.jpg,55962
a368233089d040bb,data/158169/Bear_Trap_Airstrip_-_panoramio.jpg,158169
94e3bd6d5ebbe1d3,data/109814/Beijing_%28November_2016%29_-_603.jpg,109814
74baa6ea9aeb16cc,data/179626/Horseshoe_Falls_with_Crowd.jpg,179626
74eff246ff06138d,data/179626/HorseshoeFallsB.jpg,179626
79bf3c89f90ffc28,data/90396/2017-05_Stonehenge_08.jpg,90396
a56e8d7471d6246c,data/109814/Beijing_%28November_2016%29_-_574.jpg,109814
836ac3a53be66b1d,data/179626/HorseshoeFallsO.jpg,179626
71bd2d9ea5de0c1a,data/90396/Stonehenge_%28geograph_4521053%29.jpg,90396
661494bb1c87d465,data/77124/20090529_Great_Wall_8216.jpg,77124
64bdd60fa602aeb0,data/179626/Horseshoe_Falls_6.JPG,179626
86abe5e7a4f7da8d,data/158169/15_23_1024_niagara.jpg,158169
4f18cc6e13a81920,data/179626/Horseshoe_Falls_with_old_building_in_background.jpg,179626
5fb703e3562de6a7,data/179626/Beside_the_Falls..._%2841763326%29.jpg,179626
82eb9f61fdd89c23,data/90396/Stonehenge_Close_Up.jpg,90396
75031f791afc6573,data/109814/Mutianyu_-_great_wall_of_China.jpg,109814
5de768b8c9a88e5b,data/158169/American_Falls_%284303201764%29.jpg,158169
e8dc0ccd148fcd16,data/179626/DSCN4413_horseshoefalls_e.jpg,179626
0d8f67c14bbca1cd,data/109814/Grat_Wall_of_China.jpg,109814
4d9134560417b238,data/179626/Niagara_Winter.jpg,179626
a9e65388fe0381ea,data/103407/SimataiGreatWall.jpg,103407
07b00f1be9d47388,data/109814/Beijing_%28November_2016%29_-_557.jpg,109814
d7f82af1ba0a5375,data/109814/Great_Wall_at_Mutianyu_%2811513482695%29.jpg,109814
8f980f9c914ce40e,data/179626/Las_Catar%C3%A1tas_de_Niagara_-_Mi_primer_encuentro.JPG,179626
069f91e3c6af74f1,data/109814/Beijing_%28November_2016%29_-_594.jpg,109814
ecf4f6ea4c6a1d16,data/77124/%E9%87%91%E5%B1%B1%E5%B2%AD%E9%95%BF%E5%9F%8E_Jinshanling_Great_Wall_-_panoramio_-_wuqiang_beijing_%283%29.jpg,77124
5950ae8d13dc3c59,data/90396/Stonehenge_in_the_Snow_-_panoramio.jpg,90396
15ed6491546e59a9,data/179626/Horseshoe_Falls_with_lights.jpg,179626
f7c3c3814a8ff01a,data/109814/Mur_chi%C5%84ski_2010_2.JPG,109814
756b2b1ca18a56b6,data/77124/%E9%80%9A%E5%BE%80%E9%87%91%E5%B1%B1%E5%B2%AD%E6%99%AF%E5%8C%BA%E4%B8%9C%E9%97%A8%E8%B7%AF%E4%B8%8A%E7%9A%84%E7%BA%A2%E5%8F%B6.jpg,77124
aad9b9e9050be141,data/77124/%E9%87%91%E5%B1%B1%E5%B2%AD%E9%95%BF%E5%9F%8E%E5%90%8E%E5%B7%9D%E5%8F%A3.jpg,77124
082b3efec0eacefa,data/158169/High_Water_at_Rainbow_Beach_-_panoramio.jpg,158169
4d8bae3516aca76b,data/77124/JinShan_Ridge_Great_Wall_2.jpg,77124
3af18218732682b7,data/158169/Cataratas_del_Niagara_EEUU6332.JPG,158169
8c11bc8cda0ce3fe,data/90396/Majestic_Stonehenge_Trilithon.jpg,90396
a0a86c9b6f55009d,data/158169/American_Falls_at_night_-_panoramio.jpg,158169
ef2beeb802ad49c8,data/90396/Stonehenge_windows.jpg,90396
bfc3b20ad4154d3a,data/158169/American_Falls_-_panoramio_%281%29.jpg,158169
4790306c205f16df,data/179626/Niagafalls%2C_horseshoefalls1.jpg,179626
9244d5f53fee8d0b,data/77124/%E4%BB%8E%E7%A0%96%E5%9E%9B%E5%8F%A3%E7%9C%8B%E9%87%91%E5%B1%B1%E5%B2%AD%E9%95%BF%E5%9F%8E.jpg,77124
f83dc430e1c85de5,data/179626/Niagara_Falls%2C_Ontario_-_2.jpg,179626
39d50a1df7bbf70d,data/109814/%E6%85%95%E7%94%B0%E5%B3%AA%E9%95%BF%E5%9F%8E%E8%88%AA%E6%8B%8D_2018-09-16_151710.jpg,109814
7d04f5294dffce0e,data/90396/Stonehenge_in_October_2016.jpg,90396
3cde58c7bf8b9d60,data/90396/Stonehenge_II_-_panoramio.jpg,90396
477da566ee011a30,data/179626/Horseshoe_Falls_illuminated_at_night.jpg,179626
aea0d2034f6fc07a,data/158169/The_American_Falls_-_panoramio.jpg,158169
d4ae9bb4fafa5c6d,data/158169/Niagara_Falls_%2814113220650%29.jpg,158169
7dc1546a5143f95f,data/158169/Cataratas_del_Ni%C3%A1gara_23.jpg,158169
535ba042d8dcd827,data/109814/Beijing_%28November_2016%29_-_645.jpg,109814
25b9f76d74d203c6,data/179626/Niagara_Falls_%2841481436%29.jpg,179626
27d1e89c7d423ead,data/158169/Niagara_Falls%2C_New_York_%28en_2017%29_%288%29.JPG,158169
ebdb0836513b8d2b,data/158169/Niagara_Falls%2C_New_York_%28en_2017%29_%286%29.JPG,158169
19eb1f30adeb5814,data/108502/Seattle01_flickr.jpg,108502
0358cc6ea4aa0693,data/158169/American_Falls_-_panoramio_%282%29.jpg,158169
abf38262f7b309bb,data/179626/Canadian_Falls%2C_Niagara_Falls_%28470612%29_%289450043518%29.jpg,179626
cdb7b4381c5ac31a,data/129770/Niagara_Bridge.jpg,129770
2b1b4af16ff716f2,data/109814/Great_Wall_at_Mutianyu_%2822602551077%29.jpg,109814
22f503024522a417,data/158169/All_that_Remains_of_Papadakis%27s_Venture_the_Crystal_Ice_Caves_are_the_Trees_-_panoramio.jpg,158169
509f72862ebc7e11,data/179626/Canadian_Horseshoe_Falls_%28en_2017%29_%281%29.JPG,179626
94d63f26646fa3b5,data/158169/Niagara_Falls_2008_PD_69.JPG,158169
7e74cdc4b489127f,data/108502/Torchlight_Parade%2C_Seattle_-_panoramio.jpg,108502
d1cd4bf9db1c85b6,data/179626/Niagara_Falls_at_night_04.jpg,179626
ee6791c4d2c6fe9e,data/109814/Beijing_%28November_2016%29_-_611.jpg,109814
bdbcd7a03c2cb858,data/108502/Seafair_2013_Day_9_2013-07-27_21-38-17.JPG,108502
abb5caa259f8b30b,data/179626/Ice_on_the_Platform_-_panoramio.jpg,179626
69619eb7e1a44254,data/90396/Stone_circle.102_-_Stonehenge.jpg,90396
8b7ee3306cce70e4,data/158169/Sisymbrium_altissimum_%285006016669%29.jpg,158169
50a590a563f19b65,data/77124/20090529_Great_Wall_Jinshanling_8225.jpg,77124
ffbda747da90d0c4,data/108502/Msi_0568.jpg,108502
e4344e20b1ba54b6,data/90396/Stonehenge_2010_PD_02.JPG,90396
52549024889d9954,data/108502/Seattle_Pride_2012_%287445341502%29.jpg,108502
94bee64388ecea4d,data/179626/Niagara_Falls120.jpg,179626
7cadd9ffc1d24563,data/90396/Stonehenge_8_%285690225333%29.jpg,90396
7ec4ae1813f7bca4,data/77124/20090529_Great_Wall_8180.jpg,77124
cc8bb2cff4c58165,data/179626/Niagara_Falls027.jpg,179626
e9b7865eb1acb697,data/104638/Greate_Wall_Warriors_-_panoramio.jpg,104638
6a1537976177fa2d,data/179626/HorseshoeFallsT.jpg,179626
bfe509eb96800201,data/90396/GB-stonehenge-03.jpg,90396
f014c8108ba324cf,data/90396/Stonehenge%2C_Salisbury_%28260250%29_%289456303852%29.jpg,90396
a66d605e7da6111a,data/90396/Stone_Henge%2C_England_-_panoramio_-_Amanda_Gillespie_%281%29.jpg,90396
a8e8b4cb6e689e3d,data/109814/Mutian_Yu_23_%284736395477%29.jpg,109814
97cd95ffffb97796,data/109814/Beijing_%28November_2016%29_-_649.jpg,109814
0c2196eb5ef6706f,data/108502/Space_Needle_from_PSC.jpg,108502
e01ceb827f003232,data/109814/Beijing_%28November_2016%29_-_617.jpg,109814
824362dd9444187c,data/90396/Stonehenge_Street_-_panoramio.jpg,90396
7f3c05ba964a042c,data/158169/Niagara_Falls033.jpg,158169
cc322e32b4054569,data/108502/Invitation_to_Space_Needle_groundbreaking%2C_1961.jpg,108502
afada225eeafd3a9,data/77124/Jinshanling-panorama.jpg,77124
7ea71ba393ab5575,data/77124/20090529_Great_Wall_8185.jpg,77124
e957804c1199b971,data/179626/Canadian_Horseshoe_Falls_%28en_2017%29_%2811%29.JPG,179626
fc2e160ccf66f2b1,data/90396/Stone_circle.000_-_Stonehenge.jpg,90396
9ad2efe6ab5792a5,data/109814/Great_Wall_of_China%2C_Mutianyu%2C_Huairou_County%2C_China-10June2009_%284%29.jpg,109814
2a8df3c5d1821ba5,data/158169/DSC09477_-_American_Falls_%2837051580332%29.jpg,158169
08bb6d8a84b62c65,data/55962/Journey_Behind_The_Falls.JPG,55962
743a245a6b9d4f28,data/179626/Me-silviya-in-niagara.JPG,179626
6a314309b8a2da2c,data/179626/Canadian_Falls%2C_Niagara_Falls_%28470549%29_%289449987716%29.jpg,179626
c1e079c6a081632e,data/158169/In_an_Ancient_Channel_of_the_Snake_River_-_panoramio.jpg,158169
0c3934077489abdf,data/109814/Great_Wall_of_China_at_Mutianyu_2018-06-18_170404.jpg,109814
09512e289605b273,data/108502/Space_Needle_2_2016-08-15.jpg,108502
7b0a7ac7ad427df6,data/158169/American_falls_colour.jpg,158169
4381f2f6d52d4bd1,data/103407/Great_Wall_At_Simatai%2C_Beijing_%28149189809%29.jpg,103407
219fda832668b44a,data/129770/Niagara_Falls_Rainbow_Bridge_SW_PICT0077_19940929.jpg,129770
bc209696b0cf9b16,data/90396/Stonehenge_%28III%29_%285596568886%29.jpg,90396
e7271d73b15b70b1,data/55962/Journey_Behind_the_FallsF.jpg,55962
00f64eb47381d978,data/179626/Niagara-Falls_ON_Horseshoe-Falls_Maid-of-the-Mist-VII_2015-08-13.jpg,179626
778840df68580a7c,data/90396/Stonehenge1.jpg,90396
3c9ee0b864b395ab,data/108502/Kevin_Whitworth_13.jpg,108502
239871f52bb9c33b,data/77124/20090529_Great_Wall_8125.jpg,77124
955163a2d32a7b33,data/108502/Seattle_economic_development_brochure%2C_circa_1973_%2837647221060%29.jpg,108502
2ed00318c3f13bb3,data/158169/The_American_Falls_from_lower_land_-_Les_chutes_am%C3%A9ricaines_la_matin%C3%A9e_-_panoramio.jpg,158169
94f78b721e9bca17,data/104638/%E5%8C%97%E4%BA%AC_%E9%95%BF%E5%9F%8E_%E5%B1%85%E5%BA%B8%E5%85%B3_-_panoramio.jpg,104638
ff4c3326bad684ea,data/90396/2_trilithons_at_Stonehenge.jpg,90396
32c58b71a633500a,data/158169/Niagara_Falls_2008_PD_67.JPG,158169
78b6a3af6edc6814,data/109814/Mutian_Yu_14_%284736351077%29.jpg,109814
5d11eb788613ff3d,data/108502/Space_Needle_1_2016-08-15.jpg,108502
8c5714b2124da115,data/109814/Great_Wall_at_Mutianyu_-_panoramio_%2810%29.jpg,109814
bb2045041f20fb52,data/158169/DSC09459_-_American_Falls_%2836386254244%29.jpg,158169
7d01dc9a0142e4cf,data/179626/Niagara_Horseshoe.jpg,179626
9642ed73a7385606,data/108502/Space_Needle_from_below_-_Seattle.JPG,108502
2300d804d4d3f09a,data/129770/Niagara_falls_ny_rainbow_bridge_aerial_mod.jpg,129770
40770f2938722ec7,data/158169/Cataratas_del_Niagara_EEUU6374.JPG,158169
8f6e392aff7e7872,data/109814/Mutianyu_tower.jpg,109814
efd7caf435c8bf19,data/108502/SpaceNeedleBasePanorama.jpg,108502
53a032dcd6f14ecf,data/129770/Rainbow_Bridge_Ontario.jpg,129770
279853fae9533e5b,data/179626/Niagara_Falls_2008_PD_26.JPG,179626
d6851c26e6d6f111,data/90396/Neolithic_house.001_-_Stonehenge.jpg,90396
65187011cc7b5369,data/90396/The_Stones_-_Flickr_-_Stiller_Beobachter.jpg,90396
63e4873fce700a5f,data/90396/Stonehenge_4_%285690240267%29.jpg,90396
41d12f7e0dea4572,data/158169/American_Falls_%28Ontario_Vantage_Point%29_%283597458154%29.jpg,158169
281f32aa0714f5a6,data/158169/American_and_Bridalveil_Falls_at_night_2.jpg,158169
aa16a4e321080a9d,data/109814/Mutianyu_Great_Wall.png,109814
86f96499661eb983,data/109814/Beijing_%28November_2016%29_-_570.jpg,109814
65c673ee80717704,data/179626/Horseshoe_Falls_%283786053459%29.jpg,179626
790ee2b432f0d986,data/158169/Cascate_del_niagara%2C_lato_statunitense_04.jpg,158169
f842d85e7e1e9e0b,data/108502/Lower_Queen_Anne%2C_Seattle%2C_WA%2C_USA_-_panoramio_%281%29.jpg,108502
e5a1fa54ad2e5daa,data/158169/Cataratas_del_Ni%C3%A1gara_53.jpg,158169
dcd63a4dd782a13c,data/90396/Stonehenge-2015-3.jpg,90396
6d18afc78666d4b3,data/179626/Rainbow_Horseshoe_Falls.JPG,179626
51242aa5c1c9afd6,data/158169/Winter_Scenes_%285683778480%29.jpg,158169
1b14e7e915c771af,data/179626/Horseshoe_%28Canadian%29_Falls_%287219546324%29.jpg,179626
0a0f231f4f4d1bf7,data/103407/Simatai%2C-Blick-von-Turm-7-westw%C3%A4rts-%281997%29.jpg,103407
7308a85779973e6e,data/179626/Maid_of_the_mist_on_board_04.07.2012_16-04-46.jpg,179626
571739880372e1fe,data/179626/Niagara_Falls_%288863944800%29.jpg,179626
f712fe4914bdb7bc,data/90396/Stonehenge4.jpg,90396
e3c38e45409162b3,data/158169/Rainbow_on_Niagara.JPG,158169
822d0996214ece4e,data/90396/Stonehenge%2C_Condado_de_Wiltshire%2C_Inglaterra%2C_2014-08-12%2C_DD_10.JPG,90396
cdc6411a5f4125bf,data/109814/Beijing_%28November_2016%29_-_638.jpg,109814
7eca5b504ea54925,data/109814/Mur_chi%C5%84ski_2010.JPG,109814
42571edb308650d1,data/179626/Horseshoe_Falls_Detail.jpg,179626
1d96b9cab23719bd,data/108502/Space_Needle_from_Pier_66_2.jpg,108502
789028737187ef2c,data/109814/%D0%92%D0%B5%D0%BB%D0%B8%D0%BA%D0%B8_%D0%BA%D0%B8%D0%BD%D0%B5%D1%81%D0%BA%D0%B8_%D0%B7%D0%B8%D0%B4_3.JPG,109814
9a4aeb08576684c6,data/55962/Journey_behind_the_falls_01.JPG,55962
cdf4bb6005269ef8,data/108502/The_Space_Needle.JPG,108502
79d958d3a76e504f,data/90396/Stonehenge_in_summer.jpg,90396
fa90a1c5ce249379,data/179626/Cataratas_del_Ni%C3%A1gara_48.jpg,179626
4f42b27b5647d8d8,data/90396/Stonehenge_with_black_bird_3.jpg,90396
897782e73f5664c2,data/179626/Horseshoe_Falls%2C_View_of_ledge_from_west_20170418_1.jpg,179626
3af3b60ac8a43ab9,data/158169/Hole_-_panoramio_%281%29.jpg,158169
9dedbfb54907060f,data/90396/Stonehenge_Heel_Stone_-_panoramio_%281%29.jpg,90396
3ed5266b65fa8609,data/109814/Detail_of_the_Great_Wall_of_China_at_Mutianyu.jpg,109814
a5aa26720a8ece21,data/109814/Great_Wall_at_Mutianyu_%2822399740743%29.jpg,109814
305158ef8a3ac3b3,data/179626/Horseshoe_falls_04.07.2012_15-27-16.jpg,179626
4f2580ca8f2269d0,data/70297/%E4%B9%9D%E9%97%A8%E5%8F%A3%E9%95%BF%E5%9F%8E_-_panoramio.jpg,70297
a909bc5ce007ef16,data/179626/The_Niagara_Falls.jpg,179626
92b79f3eaa1a47f8,data/158169/Falls_at_night.jpg,158169
bc5b651cd502cfd8,data/158169/Niagara_Falls006.jpg,158169
49169689845fc3a3,data/103407/Greatwall_simatai3.jpg,103407
51448d498cd3cb74,data/158169/American_falls_rainbow.jpg,158169
de161aeb9ec1dd8e,data/109814/Beijing_%28November_2016%29_-_598.jpg,109814
45e5ead8047adc51,data/90396/Stonehenge_%28V%29_%285595986095%29.jpg,90396
854fda2c33b0a5b7,data/179626/Niagara_Falls092.jpg,179626
c6dfeb5b732cef8b,data/90396/Stonehenge_-_evening_light_-_unusual_view_from_Normanton_Down_byway_-_panoramio.jpg,90396
11f2fa306801c70d,data/108502/Space_Needle_during_construction_2017.jpg,108502
be7bd85d98a8610f,data/108502/Happy_New_Year_from_Seattle%21.jpg,108502
61a046e029f9dadd,data/90396/Stone_Henge%2C_England_-_panoramio_-_Amanda_Gillespie_%286%29.jpg,90396
98c301f49c1229de,data/108502/Seattle_Space_Needle_in_2017.jpg,108502
2cff30dc20b83b82,data/90396/Stonehenge_traverse_portique_04.jpg,90396
b48d1acfe29605de,data/104638/View_near_Juyongguan_Pass_2.jpg,104638
b6b42a111f71012d,data/104638/View_near_Juyongguan_Pass.jpg,104638
45d3584236298f09,data/129770/Rainbow.Bridge.-.Niagara.Falls.2.jpg,129770
1956e267a0ccc040,data/158169/Niagara_Falls_disco.jpeg,158169
617529a7f939ce13,data/179626/Horseshoe_falls_seen_from_Goat_Island.JPG,179626
8d05232eca91c3ec,data/109814/Mutianyu_vendors.JPG,109814
49aaac277df77eae,data/90396/The_Face_of_Stonehenge_stone_number_28.jpg,90396
cf33b40e3c24ad80,data/179626/Niagara_Falls_from_Skylon.jpg,179626
c7499cc65538663d,data/179626/Horseshoe_Falls%2C_with_rainbow_and_Maid_of_the_Mist.jpg,179626
fc7c518367b8efda,data/158169/Niagara_Falls_American_Falls_NW_PICT0061_19940929.jpg,158169
3dca8605b691f0f9,data/179626/Horseshoe_falls_top_looking_down_04.07.2012.jpg,179626
99f3029d178de0c3,data/90396/Stonehenge_with_Stone_60.jpg,90396
9ce3fc90d3257901,data/179626/Niagara-Falls_ON_Niagara-Parkway_2015-08-13_%283%29.jpg,179626
79c96d043a838f0e,data/179626/Maid_of_the_mist_on_board_04.07.2012_16-02-51.jpg,179626
76fc2202578984c8,data/179626/Horseshoe_Falls_%2830423509461%29.jpg,179626
aaec73463ba891a7,data/103407/Simatai-%28Ost%29%2C-ehemalige-Siedlung-bei-heutigem-Hotel-%281997%29.jpg,103407
102eae9c77a85026,data/179626/Complete_Niagara_falls_onset.jpg,179626
caba20812857a3e4,data/108502/Space_Needle_-_panoramio_%284%29.jpg,108502
bf0acb96fe80d151,data/109814/Beijing_%28November_2016%29_-_651.jpg,109814
e98cfe4b553ad546,data/77124/%E9%87%91%E5%B1%B1%E5%B2%AD%E9%95%BF%E5%9F%8E%E5%A4%A7%E9%87%91%E5%B1%B1%E6%A5%BC.jpg,77124
712f850b1e185e7c,data/55962/Beneath_the_falls.jpg,55962
1768a0aee2e9bb4e,data/77124/1_Great_Wall_of_China.jpg,77124
271bf8088446201a,data/109814/Noel_2005_P%C3%A9kin_031_muraille_de_chine_Mutianyu.jpg,109814
7d8a50dd2f8e5517,data/108502/Seattle-Space-Needle-7410.jpg,108502
6eb26613aa340d9d,data/179626/Canada%2C_Niagara_Falls_-_panoramio.jpg,179626
dc088edbb5582951,data/179626/Amerika_2004_140.jpg,179626
af3853d4670a4461,data/108502/Space_Needle_bottom.jpg,108502
cc7cf94328a97fbf,data/108502/UKRAINIAN_FREEDOM_TRAIL-_SEATTLE_EUROMAIDAN.JPG,108502
55b3e6479c1b0335,data/103407/Great_Wall_of_China_at_Simatai_02.JPG,103407
654e22afdaa59245,data/108502/Space_Needle_-_panoramio_%282%29.jpg,108502
42a5287f0a3ca5eb,data/108502/Blue_Angels_Over_Spaceneedle_-_panoramio.jpg,108502
f383c948ea20abd1,data/109814/Greatwall8.jpg,109814
1fa6e8c494b74faf,data/109814/GREAT_WALL_OF_CHINA_MUTIA_NYU_SECTION_NORTHERN_CHINA_OCT_2012_%288360527629%29.jpg,109814
4fa490bf3493e02e,data/77124/Phillipvn.jpg,77124
bb46de456dc3dfeb,data/129770/Niagara_Falls152.jpg,129770
6a138e5ec75c6eaa,data/108502/Space_Needle_and_skyline_from_Kerry_Park%2C_2000.jpg,108502
e0d0aa4699b706f3,data/70297/Great_Wall_of_China_at_Jiumenkou_11.jpg,70297
40f664baa3aaf8aa,data/109814/Beijing_%28November_2016%29_-_647.jpg,109814
4a7209de41431e9b,data/109814/Beijing_%28November_2016%29_-_653.jpg,109814
a5ac957ad17db0f4,data/70297/Great_Wall_of_China_at_Jiumenkou_16.jpg,70297
7ad6b00c998ca674,data/103407/20090529_Great_Wall_8342.jpg,103407
769b200434e6b05d,data/108502/Space_Needle_from_Elliott_Bay_3.jpg,108502
76b04bf465e914dc,data/108502/Space_Needle%2C_Seattle_%284533559483%29.jpg,108502
a63c3a1de30bdab7,data/109814/View_from_Mutianyu_looking_south_1.JPG,109814
7fc8918310a5812a,data/109814/Mutian_Yu_09_%284736880158%29.jpg,109814
e8cc706ad4f98b4a,data/108502/Space_Needle%2C_Seattle_%28313208755%29.jpg,108502
6ad38ed3c2a6307a,data/109814/Beijing_%28November_2016%29_-_630.jpg,109814
591c219d0327f0f4,data/109814/Mutian_Yu_18_%284736282863%29.jpg,109814
4f1bc4e1b24980a5,data/109814/Great_Wall_at_Mutianyu_-_panoramio.jpg,109814
907aa1ae494d010a,data/129770/Rainbow.Bridge.-.Niagara.Falls.3.jpg,129770
92913a3d9daa9c3b,data/70297/Great_Wall_of_China_at_Jiumenkou_20.jpg,70297
054d5c4f101ea5b8,data/109814/Mutian_Yu_16_%284736271911%29.jpg,109814
e451e5be5a3e1ca9,data/70297/Great_Wall_of_China_at_Jiumenkou_09.jpg,70297
83c197f9b72829b5,data/77124/Jinshanling1.jpg,77124
464744ef91ae125c,data/108502/Space_Needle_1.JPG,108502
ddd7b76326466993,data/129770/Niagara_Falls_-_panoramio_-_Vlad_P.jpg,129770
082f974c8e43d3a8,data/55962/Niagara_falls_journey_maid_04.07.2012_16-50-28.jpg,55962
6a928a6ef8c875ec,data/55962/Niagara_falls_journey_tunnel_04.07.2012.jpg,55962
e0ebf5a3d86f3eb3,data/129770/Pont_Arc.JPG,129770
07e100c1c694683f,data/109814/Beijing_%28November_2016%29_-_576.jpg,109814
5c1f0e7f14903820,data/108502/Space_Needle_during_construction_2017_%28cropped%29.jpg,108502
1db39437713a41fa,data/109814/Mutian_Yu_08_%284736983476%29.jpg,109814
5334cf52e9ed4779,data/103407/Great_Wall_At_Simatai%2C_Beijing_%28149190421%29.jpg,103407
13cc9f6a3ef8675e,data/103407/Greatwall_simatai2.jpg,103407
d87e4231d587f982,data/109814/Great_Wall_at_Mutianyu_-_panoramio_%284%29.jpg,109814
13f9c84e5d71874a,data/108502/Space_Needle_half-mast_rainbow_flag.jpg,108502
afe5dfbe39bd584a,data/108502/Space_Needle_and_monorail%2C_1978.jpg,108502
34eeefd9161f5f16,data/109814/Beijing_%28November_2016%29_-_660.jpg,109814
cbdde348d358306a,data/103407/Great_Wall_%40_Simatai%2C_Beijing_-_panoramio_%281%29.jpg,103407
24e6641161ac6303,data/70297/Jiumenkou_banner_great_wall.jpg,70297
9b78a27e0f3f22b1,data/108502/Space_Needle%2C_Seattle_%284533559929%29.jpg,108502
805084185875d645,data/109814/Beijing_%28November_2016%29_-_577.jpg,109814
bcdafed4023f5be1,data/109814/Beijing_%28November_2016%29_-_618.jpg,109814
3be2abc68e2812e9,data/109814/Beijing_%28November_2016%29_-_636.jpg,109814
777951b40c203a08,data/103407/Great_Wall_%40_Simatai_moutain_ridge_outside_Beijing_-_panoramio.jpg,103407
cc8d9c3eef701a83,data/129770/Road_bridge_to_states_Niagara_Summer_05.jpg,129770
0f1de77e8410e61b,data/108502/Space_Needle%2C_Seattle_%284533558537%29.jpg,108502
8ac2237bbb686f2a,data/108502/Seattle_needle_USA._-_panoramio.jpg,108502
3c913d0b775b7195,data/77124/20090529_Great_Wall_8136.jpg,77124
d707902638d9f197,data/129770/Bad_weather%2C_Rainbow_Bridge_Niagara_Falls.JPG,129770
3c80655a1800af74,data/108502/Space_Needle_At_Afternoon.JPG,108502
49430b2562d2412e,data/70297/Great_Wall_of_China_at_Jiumenkou_17.jpg,70297
b7b67d91269651fe,data/109814/Beijing_%28November_2016%29_-_612.jpg,109814
9c945d51087c4f0e,data/108502/SpaceNeedleQAHill.jpg,108502
7715b3aaac045451,data/129770/Niagara_Falls_Rainbow_Bridge_en2017_%283%29.JPG,129770
087c35cbd420b131,data/70297/Great_Wall_of_China_at_Jiumenkou_08.jpg,70297
de07603ea62d2fd2,data/109814/Toboggan_ride_at_Mutianyu_section_of_Great_Wall_of_China.jpg,109814
c1fd4280d061096e,data/129770/Niagara_Falls_2008_PD_83.JPG,129770
452183fb36ef2887,data/108502/Space_Needle_Seattle_USA_01.jpg,108502
986ee93f915e0127,data/109814/Mutianyu_Pass_-_panoramio.jpg,109814
bed8511ad6b6a5ff,data/108502/Seattle_Space_needle_top.jpg,108502
a46b695c6acd406b,data/109814/%E6%85%95%E7%94%B0%E5%B3%AA%E9%95%BF%E5%9F%8E%E8%88%AA%E6%8B%8D_2018-09-16_144708.jpg,109814
ad4657daca379304,data/109814/Great_Wall_at_Mutianyu_%2823007402792%29.jpg,109814
522fea799f978f35,data/109814/Mutian_Yu_21_%284736956072%29.jpg,109814
6d9549f190411659,data/103407/Simatai%2C-Gondelbahn-%281997%29.jpg,103407
76f0dbaa12180914,data/70297/Great_Wall_of_China_at_Jiumenkou_19.jpg,70297
b85e8072f0fe89b3,data/109814/Beijing_%28November_2016%29_-_639.jpg,109814
ee6744fda7c8c0cc,data/109814/Beijing_Huairou_Mutianyu_Changcheng_2014.02.03_09-04-05.jpg,109814
ee43d222faf05ef9,data/77124/GreatWall6.jpg,77124
60cb019565663ac9,data/109814/Beijing_%28November_2016%29_-_563.jpg,109814
5f81c42e0f13416e,data/109814/Beijing_%28November_2016%29_-_582.jpg,109814
00f965df7ff8e29e,data/109814/Beijing_%28November_2016%29_-_620.jpg,109814
1cea31368cec7c8e,data/108502/Space_Needle_from_Pier_66.jpg,108502
95aeca6c6c0e694e,data/77124/20090529_Great_Wall_8248.jpg,77124
036e47949047404f,data/108502/Space_Needle_Remodel_Seating_Area.jpg,108502
2d19e2ed07c539f8,data/55962/Journey_Behind_the_FallsE.jpg,55962
51c34590106d3512,data/70297/Great_Wall_of_China_at_Jiumenkou_01.jpg,70297
9ef6893f6b77e6e8,data/108502/Kevin_Whitworth_14.jpg,108502
7724d3b140e9a4ef,data/109814/Mutian_Yu_06_%284736308945%29.jpg,109814
d917ab0c08c7dfdd,data/129770/Rainbow_Bridge_Niagara_Falls1.jpg,129770
30fa7462210b822d,data/108502/Space_Needle_Remodel_Upper_Level.jpg,108502
ad71edc5dc80bc72,data/70297/Great_Wall_of_China_at_Jiumenkou_02.jpg,70297
d5f2b4a63114cdfc,data/129770/Rainbow_Bridge_July_2013.jpg,129770
69c41aacf57b275e,data/103407/%E5%8F%B8%E9%A9%AC%E5%8F%B0%E9%95%BF%E5%9F%8E2.jpg,103407
e4e7edcda0b1daad,data/103407/%E5%8F%B8%E9%A9%AC%E5%8F%B0%E9%95%BF%E5%9F%8E1.jpg,103407
1721ca1da1a49ad0,data/108502/Space_Needle_on_January_12%2C_2019.jpg,108502
8d9e8cd2f8696ef9,data/108502/Space_Needle_Tower.jpg,108502
be0738cb3ecf8804,data/129770/Niagara_Falls_Rainbow_Bridge_en2017_%284%29.JPG,129770
279c3bb90fe23332,data/103407/Simatai_Great_Wall_1.jpg,103407
a463c58087a03c7f,data/129770/Niagara_Falls_Rainbow_Bridge_en2017.JPG,129770
a797822651a34fd2,data/77124/%E9%87%91%E5%B1%B1%E5%B2%AD%E9%95%BF%E5%9F%8E%E5%B0%86%E5%86%9B%E6%A5%BC.jpg,77124
0e2dfe272491d9ad,data/129770/Niagara_Falls_city_%28Ontario%29_02.jpg,129770
4e9f68cde3ecc0d5,data/129770/Niagara_Bridge%2C_Canada.jpg,129770
483c809623159824,data/108502/Msi_0565.jpg,108502
5647d0bb17a8231e,data/129770/Rainbow_Bridge_from_Canada_Side_-_Pont_Arc_%C3%A0_partir_du_Canada_-_panoramio.jpg,129770
9b0dd48e4cd3d483,data/70297/%E4%B9%9D%E9%97%A8%E5%8F%A3%E6%9D%91_-_panoramio.jpg,70297
713d18a9bb8c3f82,data/77124/%E5%90%8E%E5%B7%9D%E5%8F%A3_-_Houchuankou_Pass_-_2015.08_-_panoramio.jpg,77124
3fadd9ff93dc6dce,data/108502/Space_Needle%2C_Seattle%2C_WA_2007_-_panoramio.jpg,108502
55115b893c4cb531,data/55962/Journey_behind_the_falls_02.JPG,55962
256d3a48d89d10d9,data/77124/%E6%B2%99%E5%B2%AD%E5%8F%A3_-_Shalingkou_Pass_-_2015.08_-_panoramio.jpg,77124
a2e0267bad62b0e5,data/129770/Rainbow_Bridge_Niagara_Falls.jpg,129770
e94420e5340ff4ad,data/108502/Seattle_Women%27s_March_2019_%2832931684608%29.jpg,108502
8c9bdc98e00e76d2,data/70297/Great_Wall_of_China_at_Jiumenkou_15.jpg,70297
ea0113ffa28cd63f,data/129770/Niagara_Falls112.jpg,129770
d55d7d7fffaa6d5b,data/103407/Great_Wall_At_Simatai%2C_Beijing_%28149190190%29.jpg,103407
d71b0805362711c9,data/129770/Niagara_Falls_Rainbow_Bridge_en2017_%285%29.JPG,129770
8a4fdadd88113b44,data/77124/%E9%87%91%E5%B1%B1%E5%B2%AD%E9%95%BF%E5%9F%8E_Jinshanling_Great_Wall_-_panoramio.jpg,77124
5dd8d11e29864ba8,data/108502/Space_needle_0424.jpg,108502
cdef691a16e5abb9,data/77124/Jinshanling5.jpg,77124
5d7197d4f1bfc636,data/108502/Space_Needle_Seattle.jpg,108502
2d2d1e2bdb987ce8,data/108502/Space_Needle_with_Glare.JPG,108502
d5837c2f7e52f2d0,data/129770/Overlooking_the_rainbow_bridge_into_Canada_with_Niagara_Falls_in_the_distance.jpg,129770
d8b023c59f8689b5,data/103407/Pollution_over_the_great_wall.jpg,103407
7c019bca5f37c245,data/104638/Neblinoso_debajo_los_%C3%A1rboles_-_panoramio.jpg,104638
b93e1116ce07f249,data/129770/Niagara_falls_parkway_04.07.2012_16-23-14.jpg,129770
82d5622b31d501a2,data/108502/Bernie_Seattle_16.jpg,108502
44d672b9ac664373,data/77124/20090529_Great_Wall_8219.jpg,77124
f652c2b34ef1d13b,data/77124/%E7%A0%96%E5%9E%9B%E5%8F%A3_-_Zhuanduokou_Pass_-_2015.08_-_panoramio.jpg,77124
ff85c7393c906093,data/108502/Space_needle_daytime.jpg,108502
3e5e498e529de392,data/104638/Great_Wall_of_China_at_Juyongguan_IMG_6078.jpg,104638
cfc3d3ef043e1123,data/103407/Simatai_Great_Wall.JPG,103407
69f6cc5a2232589e,data/55962/Behind_the_Falls%2C_Niagara_Falls_-_panoramio_%285%29.jpg,55962
f9b9fa200be743b5,data/108502/Seattle_%2817839146499%29.jpg,108502
030a23de05b98d73,data/103407/Great_Wall_At_Simatai%2C_Beijing_%28149189807%29.jpg,103407
71f0733734e48409,data/108502/Seattle_Parks_facilities_guide%2C_circa_1960s_%2833439808395%29.jpg,108502
94d0aa691f3788c9,data/55962/Journey_Behind_the_FallsB.jpg,55962
93944a2c644b40fe,data/103407/20090529_Great_Wall_Simatai_8327.jpg,103407
0c7ff1dedaedf651,data/108502/Space_Needle_1997.jpg,108502
294fc7d2ee8c76bd,data/103407/Greatwall-SA13.jpg,103407
f55f0ff4af9f5a97,data/108502/Space_needle%2C_at_Seattle_city.JPG,108502
b54e9d7c81f00f34,data/103407/%E5%8C%97%E4%BA%AC%E5%8F%B8%E9%A9%AC%E5%8F%B0%E9%95%BF%E5%9F%8E.jpg,103407
34e0e223702fc0bf,data/103407/Great_Wall_of_China_at_Simatai_03.JPG,103407
d73ecba3d1726b7f,data/70297/Great_Wall_of_China_at_Jiumenkou_07.jpg,70297
699692e6b59f084b,data/70297/%E4%B9%9D%E9%97%A8%E5%8F%A3%E6%99%AF%E5%8C%BA_-_panoramio.jpg,70297
08a64579108724de,data/108502/Space_needle%2C_looking_up.jpg,108502
f46d8e116bc7c1be,data/77124/Jinshanling4.jpg,77124
b614043eab663428,data/104638/Great_wall-%C3%87in_seddi-Beijing-%C3%87in_-_panoramio.jpg,104638
2751821e2b014a92,data/103407/Great_Wall_At_Simatai%2C_Beijing_%28149189060%29.jpg,103407
16cc9b17ee7fb3db,data/108502/MK03330_Star_Princess_Seattle.jpg,108502
92bb110aad45ffc4,data/129770/Rainbow_Bridge_Crossing_Niagara_River_Between_New_York_and_Ontario_%287992650273%29.jpg,129770
a529964eaaa5bb6e,data/108502/Space_Needle_3_2016-08-15.jpg,108502
fa7c9008be86183d,data/129770/Rainbow_Bridge_-_panoramio_%284%29.jpg,129770
a3b5a390319d6b44,data/103407/Great_Wall_from_one_of_the_guard_stations_at_Simatai_-_panoramio.jpg,103407
aa4bc35535a52fb3,data/70297/%E4%B9%9D%E9%97%A8%E5%8F%A3%E9%95%BF%E5%9F%8E_-_panoramio_%281%29.jpg,70297
0eea221e96c05ac9,data/103407/Simatai-%28Ost%29%2C-Blick-auf-Mandarin-Duck-Lake-samt-Br%C3%BCcke-%281997%29.jpg,103407
d09d172d5e76530d,data/108502/Seattle_Pride_2012_%287445345766%29.jpg,108502
077a780ff5cd2342,data/70297/Jiumenkou_Great_Wall.jpg,70297
fdad2a409b7e0bf1,data/108502/Seattle_Space_Needle_%28120931307%29.jpg,108502
76421f806d16ffab,data/103407/Great_Wall_%40_Simatai%2C_Beijing_-_panoramio_%282%29.jpg,103407
d53ebca96cd014a0,data/108502/Space_Needle_5_2016-08-15.jpg,108502
1d552ad446f28bf3,data/108502/Chihuly_and_the_Seattle_Space_Needle_-_panoramio.jpg,108502
457e268bc462be6f,data/108502/Space_needle_4787_%283183334876%29.jpg,108502
b917943ed6bbfee2,data/108502/Space_Needle_and_the_Elevator_during_daytime_-_Seattle%2C_Washington_-_31_July_2010.jpg,108502
daab20f928f58080,data/77124/%E9%87%91%E5%B1%B1%E5%B2%AD%E9%95%BF%E5%9F%8E%E8%BF%9C%E6%99%AF5.JPG,77124
23add8aafd1f5c6a,data/77124/%E9%87%91%E5%B1%B1%E5%B2%AD%E9%95%BF%E5%9F%8E%E8%BF%9C%E6%99%AF4.JPG,77124
fd22cf375dd95540,data/108502/Space_Needle_August_2006.PNG,108502
87f6a4f496e132d8,data/103407/Watch_tower_%40_Simatai_Great_Wall%2C_Beijing_-_panoramio.jpg,103407
f521cb8470139cff,data/108502/Space_Needle_Remodel_Glass_Floor_2.jpg,108502
b2fa35e9cb77f3d8,data/108502/Space_Needle_Seattle_-_3.jpg,108502
5db200c21d27a0fe,data/77124/20090529_Great_Wall_Jinshanling_8257.jpg,77124
b8409c8feba17461,data/77124/%E9%87%91%E5%B1%B1%E5%B2%AD%E9%95%BF%E5%9F%8E%E4%B8%8B%E7%9A%84%E7%BA%A2%E5%8F%B6.jpg,77124
f46a27b606ef7893,data/108502/Seattle-myst.jpg,108502
9a328e3e4ce31f1c,data/129770/Niagara_Falls_Rainbow_Bridge_en2017_%282%29.JPG,129770
848d39b0cbf36b34,data/108502/Seattle%27s_Space_Needle_-_panoramio.jpg,108502
e180cc46a10745c1,data/108502/The_Seattle_Space_Needle.jpg,108502
44b31df970449cd9,data/77124/Mauer_Simatai.jpg,77124
c50fe32d33cf9196,data/55962/Behind_the_Falls%2C_Niagara_Falls_-_panoramio_%283%29.jpg,55962
1a066c3e244f37f5,data/108502/Lower_Queen_Anne%2C_Seattle%2C_WA%2C_USA_-_panoramio.jpg,108502
d505d5dc8c2adec1,data/103407/Great_Wall_at_Simatai_overlooking_gorge.jpg,103407
62b350c5c80f6324,data/108502/Space_Needle.jpg,108502
f6688c87745f9c84,data/103407/Beijing_46.JPG,103407
4def1adfcba753ff,data/55962/Niagara_falls_journey_maid_wet_04.07.2012_16-50-36.jpg,55962
f00b08eda33da675,data/108502/Needle_in_seattle.jpg,108502
1a0e6637c32e6e42,data/108502/Space_Needle_6_2016-08-15.jpg,108502
e0fedf178bfe6aa6,data/104638/Great_Wall_of_China_at_Juyongguan_IMG_6083.jpg,104638
fd59ecc0989cf7ad,data/55962/Niagara_falls_journey_hat_04.07.2012_16-45-08.jpg,55962
97738c0ce5e20525,data/77124/%E9%99%A1%E5%B3%AD%E7%9A%84%E9%87%91%E5%B1%B1%E5%B2%AD%E9%95%BF%E5%9F%8E.jpg,77124
edda56555baab23c,data/70297/Great_Wall_of_China_at_Jiumenkou_23.jpg,70297
eef3647dc376a653,data/129770/Niagara_Falls%2C_Rainbow_Bridge.jpg,129770
d7675f8df26567be,data/129770/Niagara_Falls_2008_PD_78.JPG,129770
ff3e9a8af1ac6c5a,data/103407/A_section_of_Simatai_Great_Wall_in_Beijing_-_panoramio.jpg,103407
373448ed421fd649,data/77124/%E9%87%91%E5%B1%B1%E5%B2%AD%E9%95%BF%E5%9F%8E%E8%BF%9C%E6%99%AF.JPG,77124
442a8afeb57ded66,data/77124/Greatwalljinshanling.jpg,77124
9bf2985ab4c1eb33,data/77124/%E9%87%91%E5%B1%B1%E5%B2%AD%E9%95%BF%E5%9F%8E%E4%B8%9C%E4%BA%94%E7%9C%BC%E6%A5%BC.jpg,77124
47072c4c6b1410c0,data/77124/%E9%87%91%E5%B1%B1%E5%B2%AD%E9%95%BF%E5%9F%8E_Jinshanling_Great_Wall_-_panoramio_-_wuqiang_beijing_%284%29.jpg,77124
721743b58af70b89,data/77124/Mauer_Jinshanling-Simatai.jpg,77124
dbe0475338847fe5,data/103407/Dam_and_great_wall_china.jpg,103407
138d6106aa788987,data/103407/Great_Wall_%40_Simatai%2C_Beijing_-_panoramio_%283%29.jpg,103407
c2ff3ece4f952afe,data/103407/Great_Wall_of_China_at_Simatai_01.JPG,103407
8c6bb869d8670bfd,data/103407/Simatai_Great_Wall_in_Beijing_-_panoramio.jpg,103407
d01f2476aa57f8f5,data/103407/Simatai_Great_Wall_%2845512709332%29_%28cropped%29.jpg,103407
695bff3cac43dde8,data/129770/Rainbow_Bridge_illuminated_at_night.jpg,129770
3a3fd3583da14525,data/129770/Niagara_Falls_2008_PD_79.JPG,129770
2139286a699b2754,data/129770/RainbowBridge_NiagaraFalls.jpg,129770
fec1e8bf7cda34a5,data/55962/Day32niagjourneybehind6.JPG,55962
a158739d2df4910d,data/77124/Great_Wall_Jinshanling.jpg,77124
d690bf8bf470697f,data/129770/International_Bridge%2C_Niagara_Falls_%287875209168%29.jpg,129770
ed3c2f6fc421ef1d,data/129770/Niagara_Falls_2008_PD_84.JPG,129770
34badf4b9626adf5,data/129770/Pont_Arc-en-ciel_Niagara_Falls.jpg,129770
39bd44457d75bb61,data/129770/Rainbow_Bridge_from_Skylon_Tower.jpg,129770
eb8c88b9101d0c83,data/129770/Rainbow_Bridge%2C_Niagara_Falls_%28460333%29_%2813488909505%29.jpg,129770
ed6c7a4cc1478208,data/70297/Great_Wall_of_China_at_Jiumenkou_21.jpg,70297
694fecea0a0a9b87,data/129770/Rainbow_Bridge%2C_Niagara_Falls_%28460332%29_%289446531821%29.jpg,129770
c974dd48ccb0def2,data/104638/%E5%8C%97%E4%BA%AC%E5%B1%85%E5%BA%B8%E5%85%B3%E4%BA%91%E5%8F%B0.jpg,104638
4899a9ce060cb79f,data/103407/Simatai%2C-Blick-auf-Mandarin-Duck-Lake-%281997%29.jpg,103407
842f2aed7c70bf18,data/103407/Great_Wall_At_Simatai%2C_Beijing_%28149189388%29.jpg,103407
a7f2ec4e9231be1f,data/70297/Great_Wall_of_China_at_Jiumenkou_06.jpg,70297
f100cdab73798526,data/129770/NiagaraFallsON-NY_RainbowBridge_NatlBorder.jpg,129770
dff6a7f8faf9ce86,data/77124/Jinshanling_Staircase_2012.JPG,77124
925c4bcc10b052aa,data/77124/The_Great_Wall_of_China_at_Jinshanling-edit.jpg,77124
085389e00d44c654,data/77124/Beacon_tower%2C_JinShan_Ridge_Great_Wall.jpg,77124
1a1a7dfc1d3e83b5,data/103407/Greatwall_simatai.JPG,103407
1fb5a80ebe27c4da,data/103407/Great_Wall_At_Simatai%2C_Beijing_%28149190187%29.jpg,103407
45fd4b3c5d90ad31,data/77124/%E9%87%91%E5%B1%B1%E5%B2%AD%E9%95%BF%E5%9F%8E_Jinshanling_Great_Wall_-_panoramio_-_wuqiang_beijing.jpg,77124
22a03be184585d69,data/55962/Journey_behind_the_falls_maid_in_fall_04.07.2012.jpg,55962
d37bf90a76369e0a,data/103407/Great_Wall_from_Simatai_-_panoramio_-_Neil_Aitkenhead.jpg,103407
b99b9ba8c3efd252,data/55962/Day32niagjourneybehind.JPG,55962
aa14513c78bb1368,data/103407/Great_Wall_of_China_at_Simatai_04.JPG,103407
7e9b262941a125d0,data/129770/Rainbow_Bridge_%283786611284%29.jpg,129770
f10beab58bf9f781,data/77124/Mauer_Jinshanling-Simatai4.jpg,77124
957f6713cd52c3eb,data/103407/Simatai_Great_Wall_%2845512709332%29.jpg,103407
719511a9200fb00a,data/103407/20090529_Great_Wall_Simatai_8296.jpg,103407
e817e815d4008460,data/77124/A_close-up_view_of_the_Great_Wall_of_China.jpg,77124
72745b4a9e9a263b,data/129770/Niagara_Falls_2008_PD_06.JPG,129770
1679e222968f4d6c,data/77124/%E9%87%91%E5%B1%B1%E5%B2%AD%E9%95%BF%E5%9F%8E_Jinshanling_Great_Wall_-_panoramio_-_wuqiang_beijing_%281%29.jpg,77124
3f61c3af78f57eb9,data/77124/%E9%87%91%E5%B1%B1%E5%B2%AD%E9%95%BF%E5%9F%8E.JPG,77124
00e84e555cacec91,data/104638/View_near_Juyongguan_Pass_3.jpg,104638
019a8392c8e5fc5f,data/55962/Behind_the_Falls%2C_Niagara_Falls_%28460436%29_%289446666789%29.jpg,55962
40ef39b24a0c75f6,data/77124/Jinshanling2.jpg,77124
7f5ef4552b9cea42,data/70297/Great_Wall_of_China_at_Jiumenkou_03.jpg,70297
a56afafb6f528041,data/129770/Rainbow_Bridge_Niagara_Falls_2.jpg,129770
25084a448f67fb1a,data/103407/Great_Wall_from_Simatai_-_panoramio.jpg,103407
6613e5bb0dadb9d0,data/77124/Jinshanlin_2010.jpg,77124
e04aead76f70f949,data/70297/Great_Wall_of_China_at_Jiumenkou_12.jpg,70297
0e5d805ccddd6313,data/77124/Jinshanling4_2014.jpg,77124
1b5db6e408c8efc9,data/70297/Great_Wall_of_China_at_Jiumenkou_22.jpg,70297
4b99990c4afbbe63,data/129770/Rainbow_Bridge_from_Canada_Side_-_Pont_Arc_%C3%A0_partir_de_c%C3%B4t%C3%A9_Canada_-_panoramio.jpg,129770
6ee742f413587763,data/103407/Great_Wall_unrestored_Guard_Tower.jpg,103407
1a8ed79b89d7f55b,data/103407/Great_Wall_At_Simatai%2C_Beijing_%28149190418%29.jpg,103407
a4090ce73bae816e,data/103407/Great_Wall_At_Simatai%2C_Beijing_%28149190417%29.jpg,103407
d3f810a01eeb3945,data/77124/%E9%87%91%E5%B1%B1%E5%B2%AD%E9%95%BF%E5%9F%8E_Jinshanling_Great_Wall_-_panoramio_-_wuqiang_beijing_%282%29.jpg,77124
034afbcd7856ebdc,data/55962/Behind_the_Falls%2C_Niagara_Falls_%28470573%29_%289450010344%29.jpg,55962
496d55785f78146a,data/103407/Great_Wall_unrestored-2.jpg,103407
95ea1333761eb12d,data/129770/Rainbow_Bridge_at_Dusk_-_panoramio.jpg,129770
f25328588e8928fd,data/103407/Great_Wall_%40_Simatai%2C_Beijing_-_panoramio.jpg,103407
be226fb21e4f29bf,data/129770/Niagara_Falls_2008_PD_05.JPG,129770
414b99f48f5e6cbc,data/103407/Great_Rollercoaster_of_China_%282638791807%29.jpg,103407
90906750f2156ca3,data/77124/Great_Wall_of_jinshanling.jpg,77124
5639988f3b3b9b26,data/77124/20090529_Great_Wall_8159.jpg,77124
aab0010e985515a0,data/77124/Jinshanling3.jpg,77124
16b310d625907fca,data/77124/%E5%90%8E%E5%B7%9D%E5%8F%A3%E4%BB%8B%E7%BB%8D%E7%89%8C.jpg,77124
6aa52776df77a56c,data/103407/Great_Wall_At_Simatai%2C_Beijing_%28149190188%29.jpg,103407
487eb8c224f0c2d8,data/129770/Rainbow.Bridge.-.Niagara.Falls.1.jpg,129770
579fb8d4bf4f4a04,data/55587/Great_Wall_of_China%2C_summer_2012.JPG,55587
e43c004a1eada84a,data/103407/Great_Wall_At_Simatai%2C_Beijing_%28149189813%29.jpg,103407
4be4bcf708d76843,data/55962/Journey_Behind_the_FallsA.jpg,55962
b1c153e2e1bd48de,data/103407/Great_Wall_At_Simatai%2C_Beijing_%28149190419%29.jpg,103407
c78908f14c382e59,data/129770/Niagara_Falls_Rainbow_Bridge.jpg,129770
3d1e9d7cd4830de7,data/129770/Rainbow_Bridge_-_panoramio_%283%29.jpg,129770
2a2202be0dda34fa,data/129770/Canada_to_the_left%2C_USA_to_the_right_%2827794746392%29.jpg,129770
4c480631c358571d,data/129770/Rainbow_Bridge_02.jpg,129770
1edfb65f9134026a,data/103407/Great_Wall_At_Simatai%2C_Beijing_%28149189815%29.jpg,103407
71aa9d2fe74a899b,data/77124/%E8%BF%9C%E7%9C%BA%E9%87%91%E5%B1%B1%E5%B2%AD%E9%95%BF%E5%9F%8E_-_panoramio_-_%E8%A5%BF%E9%A2%A8.jpg,77124
9ac78b7c71903c3b,data/103407/Great_Wall_At_Simatai%2C_Beijing_%28149190689%29.jpg,103407
f2d582ebdbca9426,data/77124/%E9%87%91%E5%B1%B1%E5%B2%AD%E9%95%BF%E5%9F%8E%E8%BF%9C%E6%99%AF3.JPG,77124
1c29996d65ad09b4,data/77124/View_of_Jinshanling_from_the_East_Platform_of_the_Brick_Crenel_%2820180430114533%29.jpg,77124
0b01e426aafc9325,data/129770/Rainbow_Bridge_at_Niagara_Falls.JPG,129770
672f0f91737503a7,data/70297/Great_Wall_of_China_at_Jiumenkou_05.jpg,70297
7eb98f62c4135e78,data/129770/Rainbow_Bridge_view.jpg,129770
e4626055e8e0257f,data/70297/Great_Wall_of_China_at_Jiumenkou_04.jpg,70297
d36c572020096852,data/55962/Journey_Behind_the_FallsD.jpg,55962
44d0e961e26591aa,data/129770/Rainbow_Bridge.jpg,129770
81763cc1399ff5f5,data/103407/Simatai%2C-Erosion%2C-Aufforstung-%281997%29.jpg,103407
387acfbe41d10414,data/70297/Great_Wall_of_China_at_Jiumenkou_10.jpg,70297
d5131da447c861f8,data/55962/Journey_behind_the_falls_opening_and_sign_04.07.2012.jpg,55962
47ee0851e67415a5,data/129770/Niagara_Falls_Rainbow_Bridge_en2017_%281%29.JPG,129770
a913a0508459bf8b,data/103407/The_Great_Wall.JPG,103407
f4ef928778555410,data/70297/Great_Wall_of_China_at_Jiumenkou_13.jpg,70297
e8f59146e869106d,data/77124/Seilbahn_Jinshanling.jpg,77124
32394d79dd15b4d0,data/104638/%C2%B7%CB%99%C2%B7ChinaUli2010%C2%B7.%C2%B7_Beijing_-_Great_Wall_-_panoramio_%281%29.jpg,104638
6f51d0c46113e991,data/55962/Behind_the_Falls%2C_Niagara_Falls_-_panoramio.jpg,55962
ab5f5c043c982011,data/103407/Simatai_Great_Wall_banner.jpg,103407
c89f68807fa93835,data/129770/Rainbow_Bridge_from_Maid_of_the_Mist%2C_Niagara_Falls_Between_New_York_and_Ontario_%287992654849%29.jpg,129770
009d3ecb9a5ee6ac,data/77124/Mauer_Jinshanling-Simatai2.jpg,77124
d6b03a188187b62a,data/77124/The_Great_Wall_of_China_at_Jinshanling.jpg,77124
201234c4a5a27fc3,data/55962/Behind_the_Falls%2C_Niagara_Falls_-_panoramio_%284%29.jpg,55962
16cebddfbe962e05,data/77124/%E6%A1%83%E6%98%A5%E5%8F%A3_-_Taochunkou_Pass_-_2015.08_-_panoramio.jpg,77124
60828117e439f709,data/103407/Simatai_Great_Wall_%286170351066%29.jpg,103407
bf6896ce259433bc,data/129770/15-23-0882%2C_rainbow_bridge_from_observation_deck_-_panoramio.jpg,129770
073f823ba427b8c7,data/103407/20090529_Great_Wall_Simatai_8350.jpg,103407
a9bf728dc42e8809,data/70297/ShanhaiguanGreatWall.jpg,70297
980d741200cd4dfa,data/103407/Simatai%2C-Blick-auf-Bergstation-Gondelbahn-%281997%29.jpg,103407
6dec708315141ada,data/70297/Great_Wall_of_China_at_Jiumenkou_18.jpg,70297
5654edde05492a2a,data/103407/Simatai%2C-Tuerme-5%2C-6%2C-7-%281997%29.jpg,103407
